"","Built","n","prop"
"1","3.3.0",92,0.369477911646586
"2","3.3.2",152,0.610441767068273
"3","3.3.3",5,0.0200803212851406
